{"initial_reset_timestamp": 1535050251.2464876, "timestamps": [1535050258.198519], "episode_lengths": [120], "episode_rewards": [-119.0], "episode_types": ["t"]}