{"initial_reset_timestamp": 1535050326.078648, "timestamps": [1535050341.620173], "episode_lengths": [293], "episode_rewards": [293.0], "episode_types": ["t"]}