{"initial_reset_timestamp": 1535050392.8852656, "timestamps": [1535050409.362192], "episode_lengths": [312], "episode_rewards": [208.75853307957337], "episode_types": ["t"]}